name,sale_price,regular_price,rating,rating_caption
Unisex Blue COSTA RICA Oversized T-Shirt,Sale priceRs. 434.00,"Regular priceRs. 1,499.00",0 out of 5 stars,No reviews
Unisex Blue Chess Print Oversized T-Shirt,Sale priceRs. 524.00,"Regular priceRs. 1,499.00",0 out of 5 stars,No reviews
Unisex White LIVE Oversized T-Shirt,Sale priceRs. 449.00,"Regular priceRs. 1,499.00",0 out of 5 stars,No reviews
Unisex White SKATE OR DIE Oversized T-Shirt,Sale priceRs. 475.00,"Regular priceRs. 1,399.00",0 out of 5 stars,No reviews
Unisex White GOOD VIBES Oversized T-Shirt,Sale priceRs. 419.00,"Regular priceRs. 1,399.00",0 out of 5 stars,No reviews
Unisex Red WORLD WIDE Oversized T-Shirt,Sale priceRs. 419.00,"Regular priceRs. 1,399.00",0 out of 5 stars,No reviews
Unisex Black WILD MESS Oversized T-Shirt,Sale priceRs. 434.00,"Regular priceRs. 1,499.00",0 out of 5 stars,No reviews
Unisex Blue WOW Oversized T-Shirt,Sale priceRs. 461.00,"Regular priceRs. 1,399.00",0 out of 5 stars,No reviews
Unisex Green Floral Oversized T-Shirt,Sale priceRs. 405.00,"Regular priceRs. 1,399.00",0 out of 5 stars,No reviews
Unisex Green Printed Oversized T-Shirt,Sale priceRs. 405.00,"Regular priceRs. 1,399.00",0 out of 5 stars,No reviews
Unisex Green LOST HILLS Oversize T-Shirt,Sale priceRs. 434.00,"Regular priceRs. 1,499.00",0 out of 5 stars,No reviews
Unisex White Spider Trap Oversize T-Shirt,Sale priceRs. 524.00,"Regular priceRs. 1,499.00",0 out of 5 stars,No reviews
Unisex Black ENOUGH TIME Oversize T-Shirt,Sale priceRs. 449.00,"Regular priceRs. 1,499.00",0 out of 5 stars,No reviews
Unisex Rust TOO LATE TO CHILL Oversize T-Shirt,Sale priceRs. 509.00,"Regular priceRs. 1,499.00",0 out of 5 stars,No reviews
Unisex Grey SPACE TO GROW Oversize T-Shirt,Sale priceRs. 524.00,"Regular priceRs. 1,499.00",0 out of 5 stars,No reviews
Unisex Black Graphic Print Oversize T-Shirt,Sale priceRs. 434.00,"Regular priceRs. 1,499.00",0 out of 5 stars,No reviews
Unisex Rust CAUTION Oversize T-Shirt,Sale priceRs. 449.00,"Regular priceRs. 1,499.00",0 out of 5 stars,No reviews
Unisex White SOCIAL INTROVERT Oversize T-Shirt,Sale priceRs. 449.00,"Regular priceRs. 1,499.00",0 out of 5 stars,No reviews
Unisex Black Roman Print Oversize T-Shirt,Sale priceRs. 449.00,"Regular priceRs. 1,499.00",0 out of 5 stars,No reviews
Unisex Grey IGNITES Oversize T-Shirt,Sale priceRs. 524.00,"Regular priceRs. 1,499.00",0 out of 5 stars,No reviews
Unisex Black DESTINY Oversize T-Shirt,Sale priceRs. 509.00,"Regular priceRs. 1,499.00",0 out of 5 stars,No reviews
Unisex White CROSS Oversize T-shirt,Sale priceRs. 449.00,"Regular priceRs. 1,499.00",0 out of 5 stars,No reviews
Unisex Rust Graphic Print Oversize T-Shirt,Sale priceRs. 599.00,"Regular priceRs. 1,499.00",0 out of 5 stars,No reviews
Unisex White COUNTRY Oversize T-Shirt,Sale priceRs. 449.00,"Regular priceRs. 1,499.00",0 out of 5 stars,No reviews
Unisex Green Graphic Print Oversize T-Shirt,Sale priceRs. 434.00,"Regular priceRs. 1,499.00",0 out of 5 stars,No reviews
Unisex Black Liberty Print Oversized T-Shirt,Sale priceRs. 434.00,"Regular priceRs. 1,499.00",0 out of 5 stars,No reviews
Unisex Green CALIFORNIA Oversize T-Shirt,Sale priceRs. 449.00,"Regular priceRs. 1,499.00",0 out of 5 stars,No reviews
Unisex Beige ENDLESSLY CREATING MYSELF Oversize T-Shirt,Sale priceRs. 449.00,"Regular priceRs. 1,499.00",0 out of 5 stars,No reviews
Unisex Black FEATURE Oversize T-Shirt,Sale priceRs. 449.00,"Regular priceRs. 1,499.00",0 out of 5 stars,No reviews
Unisex Black Faces Oversize T-Shirt,Sale priceRs. 524.00,"Regular priceRs. 1,499.00",0 out of 5 stars,No reviews
Unisex Black NO RAIN Oversize T-Shirt,Sale priceRs. 524.00,"Regular priceRs. 1,499.00",0 out of 5 stars,No reviews
Unisex Blue SAVING WORLD Oversize T-Shirt,Sale priceRs. 449.00,"Regular priceRs. 1,499.00",0 out of 5 stars,No reviews
Unisex Grey GALLERY DEPT Oversize T-Shirt,Sale priceRs. 434.00,"Regular priceRs. 1,499.00",0 out of 5 stars,No reviews
Unisex Beige LOS ANGELES Oversize T-Shirt,Sale priceRs. 524.00,"Regular priceRs. 1,499.00",0 out of 5 stars,No reviews
Unisex White REBEL Oversize T-Shirt,Sale priceRs. 434.00,"Regular priceRs. 1,499.00",0 out of 5 stars,No reviews
Unisex Black WHATEVER Oversize T-Shirt,Sale priceRs. 674.00,"Regular priceRs. 1,499.00",0 out of 5 stars,No reviews
Unisex Green SILENCE Oversize T-Shirt,Sale priceRs. 434.00,"Regular priceRs. 1,499.00",0 out of 5 stars,No reviews
Unisex Beige CAUGHT MY MIND Oversize T-Shirt,Sale priceRs. 449.00,"Regular priceRs. 1,499.00",0 out of 5 stars,No reviews
Unisex Orange VINTAGE Oversize T-Shirt,Sale priceRs. 434.00,"Regular priceRs. 1,499.00",0 out of 5 stars,No reviews
Unisex Navy SKULL Oversize T-Shirt,Sale priceRs. 434.00,"Regular priceRs. 1,499.00",0 out of 5 stars,No reviews
Unisex Red CHEMICAL ROMANCE Oversize T-Shirt,Sale priceRs. 449.00,"Regular priceRs. 1,499.00",0 out of 5 stars,No reviews
Unisex Red FIRST BITE Oversize T-Shirt,Sale priceRs. 449.00,"Regular priceRs. 1,499.00",0 out of 5 stars,No reviews
Unisex Black Car Print Oversized T-Shirt,Sale priceRs. 449.00,"Regular priceRs. 1,499.00",0 out of 5 stars,No reviews
Unisex Black HUSTLE Oversize T-Shirt,Sale priceRs. 434.00,"Regular priceRs. 1,499.00",0 out of 5 stars,No reviews
Unisex Black NEVER AGAIN Oversize T-Shirt,Sale priceRs. 449.00,"Regular priceRs. 1,499.00",0 out of 5 stars,No reviews
Unisex Black CHILD Oversize T-Shirt,Sale priceRs. 434.00,"Regular priceRs. 1,499.00",0 out of 5 stars,No reviews
Unisex Black Panda Oversize T-Shirt,Sale priceRs. 509.00,"Regular priceRs. 1,499.00",0 out of 5 stars,No reviews
Unisex White BLOOM Oversize T-Shirt,Sale priceRs. 434.00,"Regular priceRs. 1,499.00",0 out of 5 stars,No reviews
Unisex White TARGET LOCKED Oversize T-Shirt,Sale priceRs. 434.00,"Regular priceRs. 1,499.00",0 out of 5 stars,No reviews
Unisex White TREASURE Oversize T-Shirt,Sale priceRs. 434.00,"Regular priceRs. 1,499.00",0 out of 5 stars,No reviews
Unisex White HOOLIGAN Oversize T-Shirt,Sale priceRs. 434.00,"Regular priceRs. 1,499.00",0 out of 5 stars,No reviews
Unisex White STAY WILD Oversize T-Shirt,Sale priceRs. 434.00,"Regular priceRs. 1,499.00",0 out of 5 stars,No reviews
Unisex Beige NYC Oversize T-Shirt,Sale priceRs. 434.00,"Regular priceRs. 1,499.00",0 out of 5 stars,No reviews
Unisex Beige Car Oversize T-Shirt,Sale priceRs. 434.00,"Regular priceRs. 1,499.00",0 out of 5 stars,No reviews
Unisex Pink Dice Oversize T-Shirt,Sale priceRs. 509.00,"Regular priceRs. 1,499.00",0 out of 5 stars,No reviews
Unisex Pink DECENT Oversize T-Shirt,Sale priceRs. 434.00,"Regular priceRs. 1,499.00",0 out of 5 stars,No reviews
Unisex White Graphic Print Oversize T-Shirt,Sale priceRs. 299.00,"Regular priceRs. 1,499.00",0 out of 5 stars,No reviews
Unisex Blue COSTA RICA Oversized T-Shirt,Sale priceRs. 599.00,"Regular priceRs. 1,499.00",0 out of 5 stars,No reviews
Unisex Blue DUST Oversized T-Shirt,Sale priceRs. 299.00,"Regular priceRs. 1,499.00",0 out of 5 stars,No reviews
Unisex Black GOOD VIBES Oversized T-Shirt,Sale priceRs. 434.00,"Regular priceRs. 1,499.00",0 out of 5 stars,No reviews
Unisex Black TRIPPIN Oversized T-Shirt,Sale priceRs. 449.00,"Regular priceRs. 1,499.00",0 out of 5 stars,No reviews
Unisex Red Meet Again Print Oversized T-Shirt,Sale priceRs. 449.00,"Regular priceRs. 1,499.00",0 out of 5 stars,No reviews
Unisex Blue WEIRD Oversized T-Shirt,Sale priceRs. 599.00,"Regular priceRs. 1,499.00",0 out of 5 stars,No reviews
Unisex Red LET'S GO Oversized T-Shirt,Sale priceRs. 374.00,"Regular priceRs. 1,499.00",0 out of 5 stars,No reviews
Unisex Black Shoe Art Print Oversized T-Shirt,Sale priceRs. 434.00,"Regular priceRs. 1,499.00",0 out of 5 stars,No reviews
Unisex Black Surf Days Oversized T-Shirt,Sale priceRs. 374.00,"Regular priceRs. 1,499.00",0 out of 5 stars,No reviews
Unisex Red LEVEL UP Oversized T-Shirt,Sale priceRs. 449.00,"Regular priceRs. 1,499.00",0 out of 5 stars,No reviews
Unisex Black STANCE Oversized T-Shirt,Sale priceRs. 449.00,"Regular priceRs. 1,499.00",0 out of 5 stars,No reviews
Unisex Green Mushroom Print Oversized T-Shirt,Sale priceRs. 449.00,"Regular priceRs. 1,499.00",0 out of 5 stars,No reviews
Unisex Blue Chill Floral Back Print Oversized T-Shirt,Sale priceRs. 434.00,"Regular priceRs. 1,499.00",0 out of 5 stars,No reviews
Unisex Navy I'M IN METAVERSE Oversized T-Shirt,Sale priceRs. 449.00,"Regular priceRs. 1,499.00",0 out of 5 stars,No reviews
Unisex Navy AGAINST ALL ODDS Oversized T-Shirt,Sale priceRs. 449.00,"Regular priceRs. 1,499.00",0 out of 5 stars,No reviews
Unisex Green Cactus Oversized T-Shirt,Sale priceRs. 299.00,"Regular priceRs. 1,499.00",0 out of 5 stars,No reviews
Unisex Green DOODLES Oversized T-Shirt,Sale priceRs. 434.00,"Regular priceRs. 1,499.00",0 out of 5 stars,No reviews
Unisex Beige Floral Back Print Oversized T-Shirt,Sale priceRs. 449.00,"Regular priceRs. 1,499.00",0 out of 5 stars,No reviews
Unisex White LIVE Oversized T-Shirt,Sale priceRs. 434.00,"Regular priceRs. 1,499.00",0 out of 5 stars,No reviews
Unisex Beige GROW POSITIVE Oversized T-Shirt,Sale priceRs. 434.00,"Regular priceRs. 1,499.00",0 out of 5 stars,No reviews
Unisex Beige GOOD VIBES Oversized T-Shirt,Sale priceRs. 449.00,"Regular priceRs. 1,499.00",0 out of 5 stars,No reviews
Unisex Green Bird Print Oversized T-Shirt,Sale priceRs. 374.00,"Regular priceRs. 1,499.00",0 out of 5 stars,No reviews
Unisex Green Growth Graphic Print Oversized T-Shirt,Sale priceRs. 434.00,"Regular priceRs. 1,499.00",0 out of 5 stars,No reviews
Unisex Beige True Floral Print Oversized T-Shirt,Sale priceRs. 584.00,"Regular priceRs. 1,499.00",0 out of 5 stars,No reviews
Unisex White NO FUTURE Oversized T-Shirt,Sale priceRs. 434.00,"Regular priceRs. 1,499.00",0 out of 5 stars,No reviews
Unisex Olive LOS ANGELES Oversized T-Shirt,Sale priceRs. 554.00,"Regular priceRs. 1,499.00",0 out of 5 stars,No reviews
Unisex Green Beetle Car Print Oversized T-Shirt,Sale priceRs. 374.00,"Regular priceRs. 1,499.00",0 out of 5 stars,No reviews
Unisex White ALIENS Oversized T-Shirt,Sale priceRs. 449.00,"Regular priceRs. 1,499.00",0 out of 5 stars,No reviews
Unisex Black SEASON Oversized T-Shirt,Sale priceRs. 599.00,"Regular priceRs. 1,499.00",0 out of 5 stars,No reviews
Unisex White MAKE YOUR Oversized T-Shirt,Sale priceRs. 299.00,"Regular priceRs. 1,499.00",0 out of 5 stars,No reviews
Unisex Olive LOVE BOSTON Oversized T-Shirt,Sale priceRs. 279.00,"Regular priceRs. 1,399.00",0 out of 5 stars,No reviews
Unisex Olive BE CAREFULL Oversized T-Shirt,Sale priceRs. 279.00,"Regular priceRs. 1,399.00",0 out of 5 stars,No reviews
Unisex Brown Skull Oversized T-Shirt,Sale priceRs. 419.00,"Regular priceRs. 1,399.00",5.0 out of 5.0 stars,1 review
Unisex Green CONFIDENCE Oversized T-Shirt,Sale priceRs. 349.00,"Regular priceRs. 1,399.00",0 out of 5 stars,No reviews
Unisex Brown BELIEVE Oversized T-Shirt,Sale priceRs. 419.00,"Regular priceRs. 1,399.00",0 out of 5 stars,No reviews
Unisex White SKATE OR DIE Oversized T-Shirt,Sale priceRs. 419.00,"Regular priceRs. 1,399.00",0 out of 5 stars,No reviews
Unisex Brown CARINHO Oversized T-Shirt,Sale priceRs. 531.00,"Regular priceRs. 1,399.00",0 out of 5 stars,No reviews
Unisex White CONTINUE Oversized T-Shirt,Sale priceRs. 419.00,"Regular priceRs. 1,399.00",0 out of 5 stars,No reviews
Unisex Green WHAT WOW Oversized T-Shirt,Sale priceRs. 405.00,"Regular priceRs. 1,399.00",0 out of 5 stars,No reviews
Unisex White OCEAN Oversized T-Shirt,Sale priceRs. 545.00,"Regular priceRs. 1,399.00",0 out of 5 stars,No reviews
Unisex Beige MEUZIC Oversized T-Shirt,Sale priceRs. 434.00,"Regular priceRs. 1,499.00",0 out of 5 stars,No reviews
Unisex Red Car Print Oversized T-Shirt,Sale priceRs. 434.00,"Regular priceRs. 1,499.00",0 out of 5 stars,No reviews
Unisex Black HAPPY PLACE Oversized T-Shirt,Sale priceRs. 434.00,"Regular priceRs. 1,499.00",0 out of 5 stars,No reviews
Unisex Black WILD MESS Oversized T-Shirt,Sale priceRs. 434.00,"Regular priceRs. 1,499.00",0 out of 5 stars,No reviews
Unisex White DON'T WORRY Oversized T-Shirt,Sale priceRs. 279.00,"Regular priceRs. 1,399.00",0 out of 5 stars,No reviews
Unisex White STAY WEIRD Oversized T-Shirt,Sale priceRs. 419.00,"Regular priceRs. 1,399.00",5.0 out of 5.0 stars,1 review
Unisex Beige YOUNG & RECKLESS Oversized T-Shirt,Sale priceRs. 419.00,"Regular priceRs. 1,399.00",0 out of 5 stars,No reviews
Unisex Black YOUNG & RECKLESS Oversized T-Shirt,Sale priceRs. 559.00,"Regular priceRs. 1,399.00",0 out of 5 stars,No reviews
Unisex Green DESIRE Oversized T-Shirt,Sale priceRs. 419.00,"Regular priceRs. 1,399.00",0 out of 5 stars,No reviews
Unisex White SUNFLOWER Oversized T-Shirt,Sale priceRs. 419.00,"Regular priceRs. 1,399.00",0 out of 5 stars,No reviews
Unisex Black SUNFLOWER Oversized T-Shirt,Sale priceRs. 419.00,"Regular priceRs. 1,399.00",0 out of 5 stars,No reviews
Unisex Black AVANT-GARDE Oversized T-Shirt,Sale priceRs. 405.00,"Regular priceRs. 1,399.00",0 out of 5 stars,No reviews
Unisex Beige TIME Oversized T-Shirt,Sale priceRs. 559.00,"Regular priceRs. 1,399.00",0 out of 5 stars,No reviews
Unisex Blue WOW Oversized T-Shirt,Sale priceRs. 559.00,"Regular priceRs. 1,399.00",0 out of 5 stars,No reviews
Unisex Black SUMMER Oversized T-Shirt,Sale priceRs. 405.00,"Regular priceRs. 1,399.00",0 out of 5 stars,No reviews
Unisex Green Floral Oversized T-Shirt,Sale priceRs. 405.00,"Regular priceRs. 1,399.00",0 out of 5 stars,No reviews
Unisex Green Printed Oversized T-Shirt,Sale priceRs. 349.00,"Regular priceRs. 1,399.00",0 out of 5 stars,No reviews
Unisex Grey YOUNG WILD & FREE Oversize T-Shirt,Sale priceRs. 419.00,"Regular priceRs. 1,399.00",0 out of 5 stars,No reviews
Men White Viscose Zipper Pocket T-Shirt,Sale priceRs. 299.00,"Regular priceRs. 1,499.00",0 out of 5 stars,No reviews
Men Navy & White Stripes Double Pocket Cotton T-Shirt,Sale priceRs. 319.00,"Regular priceRs. 1,599.00",0 out of 5 stars,No reviews
Men's Grey Melange Henley T-Shirt,Sale priceRs. 459.00,"Regular priceRs. 2,299.00",0 out of 5 stars,No reviews
